<?xml version="1.0" encoding="UTF-8"?>
<project-private xmlns="http://www.netbeans.org/ns/project-private/1">
    <editor-bookmarks xmlns="http://www.netbeans.org/ns/editor-bookmarks/2" lastBookmarkId="0"/>
    <open-files xmlns="http://www.netbeans.org/ns/projectui-open-files/2">
        <group>
            <file>file:/C:/Users/zahra.umit/Desktop/program/java/Hospital/Hospital/src/hospital/ChangePassPannel.java</file>
            <file>file:/C:/Users/zahra.umit/Desktop/program/java/Hospital/Hospital/src/hospital/AddDrug.java</file>
            <file>file:/C:/Users/zahra.umit/Desktop/program/java/Hospital/Hospital/src/hospital/Welcome.java</file>
            <file>file:/C:/Users/zahra.umit/Desktop/program/java/Hospital/Hospital/src/hospital/ChangePannel.java</file>
            <file>file:/C:/Users/zahra.umit/Desktop/program/java/Hospital/Hospital/src/hospital/Edit.java</file>
            <file>file:/C:/Users/zahra.umit/Desktop/program/java/Hospital/Hospital/src/hospital/RemoveDrug.java</file>
            <file>file:/C:/Users/zahra.umit/Desktop/program/java/Hospital/Hospital/src/hospital/Getcode.java</file>
            <file>file:/C:/Users/zahra.umit/Desktop/program/java/Hospital/Hospital/src/hospital/ShowFiles.java</file>
            <file>file:/C:/Users/zahra.umit/Desktop/program/java/Hospital/Hospital/src/hospital/Nurse.java</file>
            <file>file:/C:/Users/zahra.umit/Desktop/program/java/Hospital/Hospital/src/hospital/Patient.java</file>
            <file>file:/C:/Users/zahra.umit/Desktop/program/java/Hospital/Hospital/src/hospital/Hospital.java</file>
            <file>file:/C:/Users/zahra.umit/Desktop/program/java/Hospital/Hospital/src/hospital/NursePannel.java</file>
            <file>file:/C:/Users/zahra.umit/Desktop/program/java/Hospital/Hospital/src/hospital/ShowPatient.java</file>
            <file>file:/C:/Users/zahra.umit/Desktop/program/java/Hospital/Hospital/src/hospital/Confirm.java</file>
            <file>file:/C:/Users/zahra.umit/Desktop/program/java/Hospital/Hospital/src/hospital/Reception.java</file>
            <file>file:/C:/Users/zahra.umit/Desktop/program/java/Hospital/Hospital/src/hospital/Get_patient.java</file>
        </group>
    </open-files>
</project-private>
